,Article,Noun
0,Die,Zeit
1,Der,Mann
2,Die,Hand
3,Der,Tag
4,Der,Weg
5,Das,Auge
6,Das,Ding
7,Der,Kopf
8,Das,Jahr
9,Das,Zimmer
10,Die,Tür
11,Die,Frau
12,Das,Gesicht
13,Die,Mutter
14,Das,Volk
15,Die,Nacht
16,Das,Haus
17,Der,Vater
18,Das,Leben
19,Der,Rücken
20,Die,Stimme
21,Das,Mädchen
22,Der,Ort
23,Der,Junge
24,Das,Auto
25,Die,Seite
26,Der,Arm
27,Das,Kind
28,Das,Wort
29,Der,Moment
30,Das,Haar
31,Der,Fuß
32,Das,Wasser
33,Das,Licht
34,Die,Welt
35,Der,Name
36,Der,Freund
37,Das,Fenster
38,Der,Körper
39,Der,Tisch
40,Der,Morgen
41,Das,Bett
42,Die,Mauer
43,Die,Straße
44,Die,Schule
45,Die,Luft
46,Der,Boden
47,Die,Stunde
48,Das,Ende
49,Die,Familie
50,Der,Kerl
51,Die,Art
52,Die,Minute
53,Die,Geschichte
54,Der,Gott
55,Die,Woche
56,Die,Arbeit
57,Die,Schulter
58,Der,Teil
59,Der,Geist
60,Das,Buch
61,Der,Finger
62,Der,Mund
63,Das,Kind
64,Das,Glas
65,Der,Baum
66,Der,Klang
67,Die,Linie
68,Die,Ehefrau
69,Das,Herz
70,Das,Geld
71,Das,Telefon
72,Das,Aussehen
73,Das,Bein
74,Der,Stuhl
75,Das,Büro
76,Der,Bruder
77,Die,Frage
78,Die,Stadt
79,Der,Monat
80,Das,Baby
81,Das,Zuhause
82,Der,Hund
83,Die,Straße
84,Die,Idee
85,Die,Küche
86,Das,Ganze
87,Der,Sohn
88,Der,Beruf
89,Das,Papier
90,Die,Schwester
91,Das,Lächeln
92,Der,Punkt
93,Der,Gedanke
94,Die,Liebe
95,Die,Stadt
96,Der,Tod
97,Der,Boden
98,Die,Anderen
99,Das,Feuer
100,Der,Schritt
101,Das,Blut
102,Die,Tatsache
103,Der,Atem
104,Die,Lippe
105,Die,Sonne
106,Das,Gebäude
107,Die,Anzahl
108,Der,Ehemann
109,Das,Elternteil
110,Die,Ecke
111,Das,Problem
112,Das,Ehepaar
113,Die,Tochter
114,Der,Beutel
115,Die,Hölle
116,Die,Rast
117,Das,Geschäft
118,Der,Himmel
119,Die,Kiste
120,Die,Person
121,Der,Grund
122,Das,Recht
123,Die,Haut
124,Der,Vater
125,Der,Fall
126,Das,Stück
127,Der,Doktor
128,Die,Ecke
129,Die,Mama
130,Das,Bild
131,Der,Sinn
132,Das,Ohr
133,Der,Zweite
134,Die,Dame
135,Der,Hals
136,Der,Wind
137,Der,Schreibtisch
138,Die,Waffe
139,Der,Stein
140,Der,Kaffee
141,Das,Schiff
142,Die,Erde
143,Das,Essen
144,Das,Pferd
145,Das,Feld
146,Der,Krieg
147,Der,Nachmittag
148,Die,Sir
149,Der,Raum
150,Der,Abend
151,Der,Brief
152,Die,Bar
153,Der,Traum
154,Die,Wohnung
155,Die,Brust
156,Das,Spiel
157,Der,Sommer
158,Der,Grund
159,Die,Stille
160,Die,Spitze
161,Der,Fels
162,Die,Macht
163,Die,Kleider
164,Das,Schild
165,Die,Aufmerksamkeit
166,Die,Musik
167,Der,Staat
168,Die,Tasche
169,Das,Abendessen
170,Die,Halle
171,Der,Schmerz
172,Das,Alter
173,Der,Fluss
174,Die,Chance
175,Die,Nase
176,Der,Schatten
177,Die,Polizei
178,Das,Gedächtnis
179,Die,Farbe
180,Das,Knie
181,Das,Holz
182,Das,Hemd
183,Die,Party
184,Das,Land
185,Der,Lkw
186,Der,Zahn
187,Die,Rechnung
188,Die,Szene
189,Das,Land
190,Der,Stern
191,Der,Vogel
192,Das,Schlafzimmer
193,Der,Onkel
194,Die,Art
195,Die,Gruppe
196,Die,Wahrheit
197,Die,Schwierigkeiten
198,Die,Menge
199,Der,Bahnhof
200,Die,Reiß
201,Die,Klasse
202,Das,Meer
203,Das,Tier
204,Das,Zentrum
205,Das,Gefühl
206,Das,Geschäft
207,Der,Berg
208,Die,Nachrichten
209,Der,Schuh
210,Die,Katze
211,Der,Bildschirm
212,Die,Flasche
213,Der,Anruf
214,Die,Lebenden
215,Die,Wange
216,Der,Schüler
217,Der,Ball
218,Die,Sehenswürdigkeit
219,Der,Hügel
220,Das,Unternehmen
221,Die,Kirche
222,Der,Regen
223,Der,Anzug
224,Der,Eine
225,Die,Richtung
226,Der,Wille
227,Der,Hals
228,Die,Mitte
229,Die,Antwort
230,Das,Zeug
231,Das,Krankenhaus
232,Die,Kamera
233,Das,Kleid
234,Die,Karte
235,Der,Hof
236,Die,Dunkelheit
237,Die,Scheiße
238,Das,Bild
239,Die,Maschine
240,Die,Distanz
241,Das,Gebiet
242,Der,Erzähler
243,Das,Eis
244,Der,Schnee
245,Die,Notiz
246,Der,Spiegel
247,Der,König
248,Die,Angst
249,Der,Offizier
250,Das,Loch
251,Der,Schuss
252,Der,Wächter
253,Die,Unterhaltung
254,Das,Boot
255,Das,System
256,Die,Pflege
257,Die,Bit
258,Der,Film
259,Der,Knochen
260,Die,Seite
261,Der,Kapitän
262,Die,Tante
263,Die,Kontrolle
264,Das,Getränk
265,Das,Hotel
266,Der,Mantel
267,Die,Treppen
268,Die,Bestellung
269,Die,Rose
270,Der,Fehl
271,Der,Hut
272,Das,Gold
273,Die,Zigarette
274,Die,Wolke
275,Die,Aussicht
276,Der,Fahrer
277,Die,Tasse
278,Die,Figur
279,Der,Ausdruck
280,Der,Pfad
281,Der,Schlüssel
282,Der,Computer
283,Die,Blume
284,Der,Ring
285,Das,Bad
286,Das,Metall
287,Der,Mond
288,Das,Lied
289,Der,Soldat
290,Das,Radio
291,Die,Geschichte
292,Die,Welle
293,Der,Plan
294,Das,College
295,Der,Fisch
296,Der,Garten
297,Der,Zug
298,Das,Geschäft
299,Der,Polizist
300,Die,Kunst
301,Das,Bier
302,Der,Nord
303,Die,Insel
304,Der,Bus
305,Der,Geruch
306,Das,Geräusch
307,Die,Mama
308,Der,Park
309,Der,Süden
310,Das,Paar
311,Der,Herr
312,Der,Teller
313,Die,Jacke
314,Die,Hilfe
315,Der,Papa
316,Das,Gras
317,Die,Dank
318,Die,Hitze
319,Der,Schlaf
320,Das,Gehirn
321,Der,Service
322,Die,Reise
323,Der,Beat
324,Das,Messer
325,Der,Platz
326,Die,Nachricht
327,Die,Note
328,Der,Lehrer
329,Der,Blick
330,Das,Dorf
331,Der,Winter
332,Die,Front
333,Das,Gesetz
334,Die,Oberfläche
335,Die,Bank
336,Das,Team
337,Das,Maximum
338,Die,Position
339,Der,Bauch
340,Die,Wende
341,Der,Westen
342,Das,Mittagessen
343,Der,Wechsel
344,Die,Kreatur
345,Die,Seele
346,Das,Blatt
347,Die,Show
348,Die,Gate
349,Die,Palme
350,Der,Kunststoff
351,Die,Kraft
352,Der,Strand
353,Der,Präsident
354,Die,Form
355,Der,Rauch
356,Das,Rad
357,Das,Silber
358,Das,Dach
359,Das,Gewicht
360,Die,Zunge
361,Der,Tee
362,Die,Strecke
363,Der,Winkel
364,Die,Form
365,Der,Ton
366,Der,Kreis
367,Der,Frühling
368,Die,Vorhalle
369,Das,Blatt
370,Das,Mitglied
371,Das,Schwimmbecken
372,Das,Bedürfnis
373,Die,Hoffnung
374,Der,See
375,Die,Brust
376,Die,Überraschung
377,Die,Interesse
378,Der,Boden
379,Der,Geist
380,Der,Block
381,Die,Sprache
382,Die,Brücke
383,Der,Staub
384,Die,Zelle
385,Der,Wein
386,Das,Boot
387,Die,Wahl
388,Die,Reihe
389,Das,Gespräch
390,Das,Flugzeug
391,Die,Uhr
392,Die,Information
393,Die,Großmutter
394,Der,Flügel
395,Die,Bob
396,Der,Club
397,Der,Meister
398,Die,Gnade
399,Der,Wald
400,Die,Größe
401,Der,Satz
402,Die,Ehe
403,Die,Stirn
404,Der,Sturm
405,Die,Türöffnung
406,Die,Situation
407,Der,Zähler
408,Der,Nachbar
409,Das,Foto
410,Die,Bühne
411,Das,Treffen
412,Die,Krankenschwester
413,Die,Sicherheit
414,Die,Waffe
415,Das,Ereignis
416,Die,Decke
417,Der,Motor
418,Das,Geschenk
419,Das,Restaurant
420,Die,Tafel
421,Der,Flur
422,Die,Armee
423,Der,Aufwand
424,Der,Osten
425,Der,Agent
426,Die,Zukunft
427,Die,Hose
428,Das,Leder
429,Der,Flug
430,Das,Geschlecht
431,Das,Gericht
432,Der,Kurs
433,Der,Dreck
434,Das,Ei
435,Das,Kinn
436,Der,Fremde
437,Die,Freude
438,Das,Detail
439,Die,Besatzung
440,Der,Herbst
441,Der,Gast
442,Das,Erlebnis
443,Der,Witz
444,Der,Sand
445,Die,Faust
446,Die,Aktion
447,Das,Wandern
448,Die,Hochzeit
449,Der,Deal
450,Die,Natur
451,Der,Planet
452,Der,Cousin
453,Die,Bewegung
454,Das,Fleisch
455,Der,Datensatz
456,Das,Camp
457,Die,Zeitung
458,Der,Strahl
459,Der,Mensch
460,Das,Sofa
461,Die,Bewegung
462,Der,Großvater
463,Die,Fotografie
464,Das,Geheimnis
465,Die,Schönheit
466,Das,Vorhandensein
467,Die,Glocke
468,Die,Volks
469,Der,Knopf
470,Die,Liste
471,Das,Level
472,Das,Datum
473,Das,Thema
474,Der,Unterschied
475,Die,Pause
476,Der,Van
477,Die,Klinge
478,Das,Fernsehen
479,Die,Titelseite
480,Die,Vergangenheit
481,Der,Bauernhof
482,Die,Runden
483,Die,Band
484,Der,Anwalt
485,Das,Magazin
486,Der,Ast
487,Der,Rahmen
488,Das,Deck
489,Der,Effekt
490,Der,Tanz
491,Die,Sicht
492,Das,Gespenst
493,Der,Esel
494,Der,Charakter
495,Der,Blick
496,Das,Auf
497,Das,Park
498,Das,Frühstück
499,Die,Geste
500,Das,Glück
501,Die,Decke
502,Das,Gas
503,Der,Korridor
504,Der,Professor
505,Das,Spiel
506,Der,Fehler
507,Die,Universität
508,Der,Ozean
509,Das,Jahrhundert
510,Der,Honig
511,Der,Stapel
512,Die,Schale
513,Der,Zaun
514,Die,Regel
515,Das,Gelächter
516,Die,Wut
517,Der,Schweiß
518,Der,Unfall
519,Das,Wetter
520,Die,Entscheidung
521,Der,Engel
522,Die,Stärke
523,Das,Huhn
524,Die,Studium
525,Das,Band
526,Das,Handgelenk
527,Der,Halt
528,Die,Hüfte
529,Die,Regierung
530,Der,Bauch
531,Die,Königin
532,Der,Schweif
533,Die,Pflanze
534,Die,Flamme
535,Der,Himmel
536,Der,Gürtel
537,Die,Nachbarschaft
538,Die,Energie
539,Das,Grün
540,Das,Viertel
541,Der,Feind
542,Die,Bewegung
543,Der,Eingang
544,Die,Bibliothek
545,Der,Verfasser
546,Der,Frieden
547,Die,Berührung
548,Der,Topf
549,Der,Typ
550,Der,Grund
551,Das,Seil
552,Der,Muskel
553,Das,Gemälde
554,Die,Gardine
555,Die,Mahlzeit
556,Der,Akt
557,Der,Wolf
558,Die,Kajüte
559,Die,Ladung
560,Die,Uhr
561,Der,Passagier
562,Der,Kumpel
563,Das,Medikament
564,Die,Verwendung
565,Die,Bank
566,Der,Verkehr
567,Das,Relief
568,Die,Kappe
569,Das,Rudel
570,Das,Wochenende
571,Der,Stand
572,Der,Aufzug
573,Der,Geburtstag
574,Das,Bügeleisen
575,Das,Fleisch
576,Die,Augenbraue
577,Die,Antwort
578,Die,Geschwindigkeit
579,Die,Absicht
580,Der,Rock
581,Das,Quadrat
582,Die,Fahrt
584,Das,Englisch
585,Der,Turm
586,Der,Kampf
587,Der,Film
588,Das,Rennen
589,Der,Schock
590,Die,Sektion
591,Die,Methode
592,Das,Schwert
593,Der,Stock
594,Die,Datei
595,Das,Brot
596,Das,Öl
597,Die,Kette
598,Die,Abteilung
599,Das,Projekt
600,Der,Mord
601,Der,Bär
602,Der,Test
603,Der,Besuch
604,Die,Milch
605,Der,Chef
606,Der,Ellbogen
607,Das,Verlangen
608,Der,Patient
609,Das,Grinsen
610,Der,Liebhaber
611,Der,Preis
612,Die,Karte
613,Das,Wissen
614,Der,Anfang
615,Die,Kälte
616,Der,Schrank
617,Die,Morgendämmerung
618,Der,Tempel
619,Der,Spaß
620,Die,Pflicht
621,Die,Übung
622,Die,Ferse
623,Das,Tal
624,Der,Kampf
625,Das,Kabel
626,Die,Jeans
627,Der,Kuss
628,Der,Kiefer
629,Die,Lauf
630,Der,Halt
631,Das,Verhältnis
632,Das,Objekt
633,Der,Angriff
634,Das,Gericht
635,Die,Autobahn
636,Die,Schattierung
637,Das,Verbrechen
638,Das,Weiß
639,Der,Partner
640,Der,Priester
641,Der,Rasen
642,Das,Lachen
643,Der,Kofferraum
644,Das,Weinen
645,Das,Programm
646,Die,Fahrt
647,Das,Regal
648,Der,Gentleman
649,Das,Sein
650,Der,Stahl
651,Der,Bürgersteig
652,Die,Uniform
653,Das,Muster
654,Der,Beweis
655,Der,Spieler
656,Der,Roman
657,Das,Kissen
658,Die,Lampe
659,Die,Schublade
660,Die,Gefahr
661,Der,Detektiv
662,Die,Instant
663,Das,Denken
664,Der,Riss
665,Das,Gebet
666,Das,Handtuch
667,Der,Handschuh
668,Die,Bucht
669,Das,Publikum
670,Die,Dose
671,Die,Bedingung
672,Der,Pfad
673,Die,Taille
674,Der,Druck
675,Das,Telefon
676,Das,Waschbecken
677,Die,Rückkehr
678,Die,Brise
679,Der,Geschmack
680,Der,Fehler
681,Der,Strom
682,Das,Ergebnis
683,Der,Autor
684,Das,Trinkgeld
685,Die,Dusche
686,Die,Zehe
687,Die,Jahreszeit
688,Die,Hälfte
689,Der,Dummkopf
690,Der,Tunnel
691,Der,Klient
692,Die,Garage
693,Die,Mission
694,Der,Chef
695,Die,Kugel
696,Der,Markt
697,Der,Verlust
698,Die,Reihe
699,Der,Stift
700,Der,Begriff
701,Das,Gedicht
702,Der,Prinz
703,Der,Ton
704,Das,Schloss
705,Die,Realität
706,Die,Schlange
707,Der,Apfel
708,Die,Maske
710,Die,Geburt
711,Die,Pause
712,Das,Wunder
713,Das,Sonnenlicht
714,Der,Panzer
715,Das,Personal
716,Die,Lüge
717,Der,Glaube
718,Die,Ehre
719,Die,Creme
720,Das,Wohl
721,Das,Opfer
722,Die,Möglichkeit
723,Der,Kontakt
724,Die,Stimmung
725,Der,Daumen
726,Das,Lesen
727,Der,Spaß
728,Die,Kerze
729,Die,Höhle
730,Die,Post
731,Das,Gefängnis
732,Die,Emotion
733,Der,Führer
734,Der,Grad
735,Die,Eigenschaft
736,Das,Ticket
737,Das,Alien
738,Der,Unterricht
739,Die,Wüste
740,Der,Schnitt
741,Die,Unordnung
742,Die,Warnung
743,Das,Märchen
744,Das,Begräbnis
745,Das,Taxi
746,Der,Reporter
747,Das,Geschenk
748,Das,Theater
749,Die,Länge
750,Der,Schlamm
751,Die,Wissenschaft
752,Der,Fall
753,Die,Schnur
754,Die,Rede
755,Die,Kopie
756,Die,Kuh
757,Der,Arbeiter
758,Der,Oberschenkel
759,Das,Labor
760,Die,Rolle
761,Das,Obst
762,Der,Patch
763,Die,Seide
764,Der,Buck
765,Die,Ziegel
766,Das,Gewehr
767,Die,Karriere
768,Das,Thema
769,Die,Gelegenheit
770,Der,Direktor
771,Das,Monster
772,Das,Fahrzeug
773,Die,Gasse
774,Die,Hülse
775,Das,Grab
776,Der,Busch
777,Der,Speisesaal
778,Die,Eröffnung
779,Der,Zwilling
780,Die,Scheune
781,Das,Pfund
782,Der,Standort
783,Der,Blitz
784,Der,Richter
785,Die,Masse
786,Der,Prozess
787,Das,Band
788,Der,Geldbeutel
789,Das,Rohr
790,Der,Drache
791,Der,Horizont
792,Die,Schale
793,Der,Umschlag
794,Die,Prüfung
795,Die,Erwachsene
796,Der,Notfall
797,Das,Material
798,Die,Kindheit
799,Die,Angewohnheit
800,Der,Künstler
801,Die,Adresse
802,Der,Duft
803,Das,Universum
804,Das,Kopfnicken
805,Die,Muschel
806,Die,Gemeinde
807,Der,Anfang
808,Die,Wunde
809,Die,Maus
810,Der,Pilot
811,Die,Klasse
812,Das,Video
813,Der,Korb
814,Der,Wagen
815,Der,Versuch
816,Das,Sofa
817,Der,Kuchen
818,Der,Kerl
819,Die,Affäre
820,Die,Küste
821,Die,Allgemeine
822,Der,Ursprung
823,Die,Robe
824,Die,Sorge
825,Die,Presse
826,Die,Ratte
827,Die,Gesellschaft
828,Der,Stil
829,Die,Kreis
830,Der,Befehl
831,Der,Besucher
832,Das,Model
833,Die,Kammer
834,Das,Biest
835,Das,Bündel
836,Der,Hintergrund
837,Die,Einheit
838,Die,Möbel
839,Der,Nagel
840,Der,Schrei
841,Die,Eigenschaft
842,Die,Ausrüstung
843,Die,Auffahrt
844,Der,Griff
845,Das,Rohr
846,Die,Asche
847,Der,Fan
848,Die,Meinung
849,Die,Daten
850,Die,Verbindung
851,Der,Trick
852,Das,Mysterium
853,Die,Periode
854,Das,Schreiben
855,Der,Horror
856,Die,Süßigkeit
857,Die,Bitch
858,Die,Gesundheit
859,Der,Geschäftsführer
860,Die,Sicherheit
861,Die,Höhe
862,Die,Erscheinung
863,Der,Seufzer
864,Die,Mine
865,Die,Kleidung
866,Die,Reaktion
867,Die,Quelle
868,Das,Ich
869,Die,Pistole
870,Der,Flughafen
871,Der,Held
872,Das,Versprechen
873,Der,Bogen
874,Das,Zelt
875,Der,Messestand
876,Das,Geld
877,Die,Straße
878,Das,TShirt
879,Der,Teppich
880,Der,Keller
881,Die,Freundin
882,Der,Bart
883,Die,Stirn
884,Der,Bildschirm
885,Das,Signal
886,Der,Diener
887,Das,Flüstern
888,Der,Zweifel
889,Das,Konto
890,Die,Magie
891,Die,Hank
892,Das,Glied
893,Der,Bastard
894,Der,Schädel
895,Der,Satz
896,Der,Kragen
897,Das,Horn
898,Die,Eiche
899,Der,Knöchel
900,Die,Puppe
901,Das,Sandwich
902,Das,Rotkehlchen
903,Die,Justiz
904,Der,Stolz
905,Die,Jugend
906,Der,Sekretär
907,Die,Forschung
908,Der,Sport
909,Die,Aufgabe
910,Der,Zuschuss
911,Der,Sheriff
912,Die,Mitternachts
913,Der,Chip
914,Die,Theorie
916,Die,Sammlung
917,Das,Kreuz
918,Die,Kiefer
919,Die,Generation
920,Die,Autorität
921,Die,Papa
922,Die,Reise
923,Die,Perle
924,Die,Toilette
925,Der,Mörder
926,Das,Werkzeug
927,Die,Medizin
928,Der,Zucker
929,Die,Prinzessin
930,Das,Argument
931,Die,Klippe
932,Der,Wagen
933,Der,Kristall
934,Die,Bohne
935,Der,Käfig
936,Die,Schokolade
937,Die,Küste
938,Das,Jahrzehnt
939,Die,Bedeutung
940,Das,Getriebe
941,Der,Koffer
942,Die,Operation
943,Das,Atem
944,Die,Rolle
945,Die,Version
946,Der,Gefangene
947,Das,Match
948,Der,Strahl
949,Die,Burg
950,Der,Ansturm
951,Die,Fahrspur
952,Die,Bekleidung
953,Der,Pol
954,Die,Freiheit
955,Das,Können
956,Die,Leidenschaft
957,Die,Aktivität
959,Die,Platform
960,Das,Salz
961,Das,Fahrrad
962,Der,Stapel
963,Der,Begleiter
964,Das,Schicksal
965,Die,Wut
966,Die,Versorgung
967,Der,Wal
968,Das,Schwein
969,Der,Hase
970,Der,Gang
971,Der,Bildschirm
972,Der,Helm
973,Der,Respekt
974,Die,Aufregung
975,Die,Lobby
976,Der,Freund
977,Das,Fell
978,Der,Bereich
979,Die,Dick
980,Der,Code
981,Das,Kapitel
982,Die,Reflexion
983,Die,Post
984,Der,Flug
985,Das,Kabinett
986,Das,Spielzeug
987,Die,Baseball
988,Das,Innere
989,Die,Geschwindigkeit
990,Der,Griff
991,Die,Führung
992,Die,Summe
993,Der,Nerv
994,Der,Schrecken
995,Der,Pullover
996,Die,Qualität
997,Der,Jäger
998,Die,Farbe
999,Die,Buster
1000,Die,Baumwolle
1001,Der,Wachtmeister
1002,Der,Kredit
1003,Der,Schlag
1004,Der,Teufel
1005,Die,Bedrohung
1006,Der,Erfolg
1008,Das,Kabel
1009,Die,Pfanne
1010,Der,Angestellte
1012,Das,Messgerät
1013,Die,Schande
1014,Die,Nadel
1015,Die,Lunge
1016,Der,Krieger
1017,Der,Umstand
1018,Das,Studio
1019,Die,Panik
1020,Der,Mangel
1021,Der,Bauer
1022,Der,Akzent
1023,Die,Bombe
1024,Die,Platte
1025,Die,Fähigkeit
1026,Das,Glück
1027,Der,Sieger
1028,Die,Feder
1029,Die,Oma
1030,Das,Glühen
1031,Das,Verhalten
1032,Der,Durchgang
1033,Die,Slave
1034,Der,Leutnant
1035,Der,Lauf
1036,Die,Wärme
1037,Der,Eindruck
1038,Der,Maurer
1039,Die,Braut
1040,Das,Paket
1041,Der,Nebel
1042,Das,Gehen
1043,Die,Balance
1044,Die,Socke
1045,Der,Roboter
1046,Die,Kartoffel
1047,Der,Gegenstand
1048,Das,Bad
1049,Der,Diamant
1050,Die,Leiche
1051,Die,Erklärung
1052,Die,Struktur
1053,Der,Ausgang
1054,Das,Pad
1055,Der,Herd
1056,Das,Blaue
1057,Die,Amerikaner
1058,Der,Rubin
1059,Der,Blitz
1060,Die,Grube
1061,Der,Oberst
1062,Das,Dock
1063,Der,Bach
1064,Der,Ratschlag
1065,Der,Tourist
1066,Die,Trauer
1067,Die,Verteidigung
1068,Der,Biss
1069,Das,Museum
1070,Die,Gunst
1071,Das,Abendessen
1072,Der,Komfort
1073,Der,Dekan
1074,Der,Wert
1075,Der,Marsch
1076,Das,Anwesen
1077,Der,Poet
1078,Der,Palast
1079,Die,Suppe
1080,Die,Nation
1081,Das,Gefäss
1082,Der,Ständige
1083,Der,Sack
1084,Der,Dämon
1085,Die,Konferenz
1086,Der,Saft
1087,Die,Verantwortung
1088,Der,Pinsel
1089,Die,Route
1090,Der,Käse
1091,Die,Haube
1092,Die,Ente
1093,Der,Heilige
1094,Der,Pass
1095,Das,Ziel
1096,Die,Orange
1097,Die,Kultur
1098,Die,Reise
1099,Der,Kommandant
1100,Der,Haken
1101,Der,Nebel
1102,Das,Training
1103,Die,Suche
1104,Die,Münze
1105,Das,Wunder
1106,Der,Vorteil
1107,Der,Austausch
1108,Die,Fiktion
1109,Der,Teich
1110,Der,Assistent
1111,Das,Design
1112,Die,Angel
1113,Die,Piste
1114,Der,Graf
1115,Der,Kommentar
1116,Der,Kellner
1117,Der,Lebensmittel
1118,Die,Leiter
1119,Die,Kurve
1120,Das,Volumen
1121,Das,Risiko
1122,Der,Albtraum
1123,Die,Existenz
1124,Die,Spur
1125,Die,Krankheit
1126,Die,Unterstützung
1127,Der,Zeuge
1128,Die,Aktie
1129,Das,Gerät
1130,Die,Landschaft
1131,Der,Urlaub
1132,Das,Ass
1133,Das,Klavier
1134,Die,Eingeweide
1135,Das,Talent
1136,Die,Phantasie
1137,Die,Schwarze
1138,Der,Reed
1139,Der,Deckel
1140,Der,Hinweis
1141,Der,Wanderer
1142,Die,Kälte
1143,Die,Studie
1144,Das,Interview
1145,Der,Ansatz
1146,Die,Narbe
1147,Die,Mode
1148,Der,Kanal
1149,Die,Tritt
1150,Der,Aufnehmer
1151,Der,Habicht
1152,Der,Anhänger
1153,Die,Statue
1154,Die,Pille
1155,Der,Käfer
1156,Der,Eimer
1158,Die,Arten
1159,Die,Kolumne
1160,Der,Schaden
1161,Das,Instrument
1162,Der,Hafen
1163,Die,Schicht
1164,Der,Streifen
1165,Der,Müll
1166,Die,Rippe
1167,Das,Notebook
1168,Der,Mais
1169,Das,Angebot
1170,Die,Zeichnung
1171,Die,Aussage
1172,Die,Intelligenz
1173,Die,Entschuldigung
1174,Die,Landung
1175,Der,Urheberrechts
1176,Die,Stange
1177,Die,Fantasie
1178,Die,Neugier
1179,Das,Kleid
1180,Die,Grenze
1181,Die,Poesie
1182,Die,Firma
1183,Der,Aufgang
1184,Die,Handvoll
1185,Die,China
1186,Die,Franzosen
1187,Die,Durchschnitts
1188,Das,Reh
1189,Die,Druck
1190,Die,Schiene
1191,Die,Rate
1192,Der,Mut
1193,Die,Ankunft
1194,Der,Wunsch
1195,Der,Grat
1196,Der,Idiot
1197,Der,Bulle
1198,Die,Saat
1199,Der,Fortschritt
1200,Das,Gefühl
1201,Die,Shorts
1202,Der,Bürger
1203,Der,Müll
1204,Das,Protokoll
1205,Die,Geduld
1206,Die,Fledermaus
1207,Der,Fußball
1208,Die,Routine
1209,Die,Explosion
1210,Der,Inhalt
1211,Der,Wissenschaftler
1212,Das,Versagen
1213,Die,Sünde
1214,Der,Hintern
1215,Die,Verwirrung
1216,Das,Verständnis
1217,Der,Handel
1218,Der,Kühlschrank
1219,Der,Herr
1220,Die,Taschenlampe
1221,Das,Internet
1222,Der,Seemann
1223,Die,Attitüde
1224,Die,Schuld
1225,Das,Weinen
1226,Die,Sip
1227,Die,Reise
1228,Der,Keks
1229,Die,Flucht
1230,Die,Anleitung
1231,Das,Gewebe
1232,Der,Marmor
1233,Der,Blick
1234,Die,Dämmerung
1235,Die,Hütte
1236,Der,Affe
1237,Das,Makeup
1238,Die,Doc
1239,Die,Bluse
1240,Der,Rhythmus
1241,Der,Dampf
1242,Der,Satz
1243,Die,Mutter
1244,Der,Bleistift
1245,Der,Koch
1246,Die,Flagge
1247,Der,Trainer
1248,Die,Schaukel
1249,Der,Lautsprecher
1250,Der,Bolzen
1251,Das,Fett
1252,Der,Teppich
1253,Die,Klopf
1254,Der,Zauber
1255,Das,Taxi
1256,Die,Runde
1257,Der,Strohhalm
1258,Die,Luke
1259,Die,Gabel
1260,Das,Böse
1261,Das,Dienstmädchen
1262,Die,Relative
1263,Die,Hexe
1264,Der,Hof
1265,Die,Sensation
1266,Die,Blase
1267,Der,Leser
1268,Die,Locke
1269,Der,Kuchen
1270,Der,Strahl
1271,Die,Verschiebung
1272,Die,Union
1273,Der,Teenager
1274,Die,Ebene
1275,Die,Kellnerin
1276,Die,Antwort
1277,Das,Gerücht
1278,Die,Schwerkraft
1279,Die,Zuflucht
1280,Das,Abenteuer
1281,Der,Löwe
1282,Die,Wirbelsäule
1283,Das,Vertrauen
1284,Die,Tiefe
1285,Die,Reichweite
1286,Der,Hammer
1287,Die,Bibel
1288,Der,Vertrag
1289,Der,Geldbeutel
1290,Der,Dschungel
1291,Die,Fabrik
1292,Die,Indische
1293,Der,Balkon
1294,Der,Reis
1295,Der,Knoten
1296,Die,Schnur
1297,Der,Kollege
1298,Die,Absicht
1299,Die,Stare
1300,Das,Motel
1301,Der,Anwalt
1302,Der,Liebling
1303,Die,Diskussion
1304,Die,Leistung
1305,Die,Spannung
1306,Der,Text
1307,Der,Strang
1308,Die,Mittags
1309,Die,Vene
1310,Der,Experte
1311,Die,Gruppe
1312,Der,Polizist
1313,Der,Krebs
1314,Der,Fuchs
1315,Die,Scheidung
1316,Die,Impuls
1317,Die,Abwesenheit
1318,Die,Gewalt
1319,Der,Humor
1320,Der,Stuhl
1321,Der,Kies
1322,Der,Schatz
1323,Die,Butter
1324,Der,Schalter
1325,Die,Zigarre
1326,Die,Leinwand
1327,Die,Fröhlichkeit
1328,Der,Führer
1329,Der,Stift
1330,Der,Schauspieler
1331,Das,Ganze
1332,Die,Vereinbarung
1333,Die,Braune
1334,Der,Gastgeber
1335,Das,Farbband
1336,Der,Schal
1337,Die,Skala
1338,Der,Beweis
1339,Der,Pfeil
1340,Die,Temperatur
1341,Die,Technologie
1342,Die,Erlaubnis
1343,Der,Ort
1344,Die,Klaue
1345,Der,Cowboy
1346,Die,Agentur
1347,Die,Konstruktion
1348,Das,Jagd
1349,Das,Gemüse
1350,Die,Dose
1351,Der,Hubschrauber
1352,Die,Falle
1353,Das,Pat
1354,Die,Lücke
1355,Das,Haustier
1356,Die,Bildung
1357,Das,Einkaufen
1358,Der,Schuppen
1359,Die,Vereinbarung
1360,Die,Erde
1361,Der,Herzog
1362,Die,Schrotflinte
1363,Die,Vorstellung
1364,Die,Rück
1365,Die,Zeremonie
1366,Der,Löffel
1367,Die,Wanne
1368,Der,Schlüssel
1369,Die,Iris
1370,Der,Vorfall
1371,Der,Absturz
1372,Das,Tagebuch
1373,Die,Zugriffs
1374,Der,Messing
1375,Die,Mama
1376,Die,Seitenleiste
1377,Das,Schaf
1378,Der,Ingenieur
1379,Der,Rumpf
1380,Der,Geruch
1381,Der,Termin
1382,Die,Einladung
1383,Die,Lappen
1384,Das,Gute
1385,Der,Kumpel
1386,Die,Behandlung
1387,Die,Weisheit
1388,Der,Preis
1389,Das,Element
1390,Der,Gigant
1391,Die,Serviette
1392,Die,Wäsche
1393,Die,Option
1394,Das,Regal
1395,Die,Anforderung
1396,Das,Gefängnis
1397,Der,Opa
1398,Die,Ranch
1399,Der,Punkt
1400,Das,Skript
1401,Die,Einkaufshalle
1402,Der,Ford
1403,Die,Übung
1404,Die,Witwe
1405,Die,Krähe
1406,Der,Faden
1407,Die,Selbstmord
1408,Die,Notiz
1409,Der,Sonnenuntergang
1410,Die,Gallerie
1411,Das,Schiff
1412,Der,Donner
1413,Die,Seife
1414,Der,Whisky
1415,Das,Weibchen
1416,Der,Bürgermeister
1417,Der,Hub
1418,Der,Klick
1419,Der,Ruf
1420,Der,Müller
1421,Der,Rat
1422,Der,Stundenplan
1423,Der,Friedhof
1424,Der,Kampf
1425,Der,Instinkt
1426,Die,Ruhe
1427,Der,Arbeitnehmer
1428,Das,Nest
1429,Das,Limit
1430,Der,Deutsche
1431,Der,Mönch
1432,Der,Wurm
1433,Das,Dokument
1434,Die,Traurigkeit
1435,Die,Hütte
1436,Die,Lebensdauer
1437,Die,Tänzerin
1438,Die,Versicherung
1439,Die,Schwierigkeit
1440,Die,Matratze
1441,Der,Mann
1442,Die,Klinik
1443,Die,Ad
1444,Der,Becher
1445,Das,Kit
1446,Die,Kommunikation
1447,Das,Unglück
1448,Die,Fliese
1449,Der,Empfänger
1450,Das,Gebrüll
1451,Die,Truppe
1452,Der,Sarg
1453,Die,Freundschaft
1454,Die,Ermittlung
1455,Der,Verkauf
1456,Das,Ziel
1457,Der,Krankenwagen
1458,Das,Mondlicht
1459,Das,Mündel
1460,Die,Hosen
1461,Die,Wolle
1462,Die,Mac
1463,Der,Minister
1464,Der,Eintritt
1465,Der,Dieb
1466,Die,Aktentasche
1467,Das,Mitleid
1468,Die,Finger
1469,Die,Marine
1470,Das,Insekt
1471,Der,Samt
1472,Die,Biene
1473,Der,Stock
1474,Das,Gen
1475,Der,Salat
1476,Die,Windschutzscheibe
1477,Das,Outfit
1478,Der,Shuttle
1479,Der,Schrei
1480,Die,Wut
1481,Die,Herausforderung
1482,Die,Zufriedenheit
1483,Der,Motor
1484,Das,Produkt
1485,Das,Unkraut
1486,Die,Strecke
1487,Das,Fitnesscenter
1488,Das,Kapital
1489,Der,Rand
1490,Die,Pfote
1491,Die,Festung
1492,Die,Kosten
1493,Das,Plakat
1494,Der,Vampir
1495,Die,Welle
1496,Die,Identität
1497,Der,Bürgersteig
1498,Das,Arschloch
1499,Der,Gurt
1500,Das,Wohnzimmer
1501,Der,Hafen
1502,Das,Beispiel
1503,Das,Netz
1504,Der,Golf
1506,Die,Freude
1507,Die,Decke
1508,Die,Steuer
1509,Die,Falte
1510,Das,Porträt
1511,Das,Gewebe
1512,Der,Glaube
1513,Das,Kostüm
1514,Das,Maß
1515,Der,Wagen
1516,Die,Gitarre
1517,Der,Ritter
1518,Der,Rang
1519,Der,Bürgermeister
1520,Der,Brunnen
1521,Der,Stall
1522,Die,Ladung
1523,Der,Funke
1524,Der,Müll
1525,Der,Champagner
1526,Das,Viertel
1527,Der,Schutz
1528,Das,Urteil
1529,Die,Sympathie
1530,Das,Violett
1531,Der,Aufprall
1532,Die,Enttäuschung
1533,Das,Trink
1534,Das,Bewusstsein
1535,Das,Taschentuch
1536,Das,Tanzen
1537,Das,Parfüm
1538,Das,Netzwerk
1539,Der,Anspruch
1540,Die,Nonne
1541,Die,Krone
1542,Das,Geländer
1543,Die,Lizenz
1544,Die,Barmherzigkeit
1545,Der,Ballon
1546,Das,Chaos
1547,Das,Fieber
1548,Das,Schließfach
1549,Die,Sitzung
1550,Die,Burst
1551,Der,Spitzer
1552,Die,Trommel
1553,Der,Fokus
1554,Der,Frosch
1555,Der,Vorteil
1556,Die,Bemerkung
1557,Die,Gezeiten
1558,Der,Verdacht
1559,Der,Jeep
1560,Die,Sorge
1561,Die,Literatur
1562,Der,Bogenschütze
1563,Der,Haushalt
1564,Das,Pulver
1565,Der,Hirte
1566,Die,Linse
1567,Der,Favorit
1568,Die,Madame
1569,Die,Villa
1570,Der,Boom
1571,Die,Spitze
1572,Die,Überprüfung
1573,Die,Rezeption
1574,Der,Schrott
1575,Der,Wulst
1576,Die,Blendung
1577,Die,Strömung
1578,Das,Cafe
1579,Der,Status
1580,Das,Pochen
1581,Die,Rakete
1582,Die,Schlucht
1583,Die,Trauer
1584,Die,Spinne
1585,Die,Explosion
1586,Die,Persönlichkeit
1587,Der,Campus
1588,Der,Fluch
1589,Das,Treppenhaus
1590,Der,Drang
1591,Die,Frustration
1592,Die,Pumpe
1593,Die,Leichtigkeit
1594,Die,Zählung
1595,Die,Lösung
1596,Der,Schmuck
1597,Die,Sirene
1598,Der,Schlag
1599,Die,Tradition
1600,Das,Leer
1601,Die,Vielfalt
1602,Der,Pirat
1603,Die,Beschreibung
1604,Der,Liebe
1605,Die,Angst
1606,Die,Tonhöhe
1607,Die,Pizza
1608,Der,Elefant
1609,Die,Politik
1610,Der,Tennis
1611,Der,Hunger
1612,Das,Genie
1613,Die,Ziege
1614,Der,Sieg
1615,Die,Kombination
1616,Die,Zugehörigkeit
1617,Das,Momma
1618,Der,Umhang
1619,Der,Scheinwerfer
1620,Der,Gouverneur
1621,Die,Sauerstoff
1622,Der,Bischof
1623,Das,Bündel
1624,Die,Entwicklung
1625,Der,Fingernagel
1626,Die,Punktzahl
1627,Der,Steuermann
1628,Der,Fahrer
1629,Die,Umlaufbahn
1630,Der,Weinstock
1631,Die,Suite
1632,Der,Barkeeper
1633,Der,Koks
1634,Die,Melodie
1635,Die,Herrlichkeit
1636,Der,Rabbi
1637,Die,Operation
1638,Das,Vieh
1639,Das,Ritual
1640,Die,Begrüßung
1641,Die,Scheibe
1642,Die,Homer
1643,Der,Kamin
1644,Das,Trikot
1645,Die,Medien
1646,Die,Pop
1647,Die,Fracht
1648,Das,Gasthaus
1649,Der,Stellvertretende
1650,Die,Verzweiflung
1651,Das,Territorium
1652,Der,Schlag
1653,Die,Jazz
1654,Die,Umarmung
1655,Die,Pfeife
1656,Die,Menschlichkeit
1657,Das,Handwerk
1658,Das,Tageslicht
1659,Der,Wert
1660,Der,Slip
1661,Die,Rüstung
1662,Der,Rucksack
1663,Der,Vorschlag
1664,Die,Höhle
1665,Das,Symbol
1666,Die,Kolonie
1667,Das,Fazit
1668,Das,Nasenloch
1669,Der,Speer
1670,Der,Impuls
1671,Die,Tomate
1672,Das,Kalb
1673,Der,Herbst
1674,Der,Fund
1675,Das,Klassenzimmer
1676,Die,Lieferung
1677,Das,Spray
1678,Die,Flüssigkeit
1679,Die,Kraftstoff
1680,Die,Unterwäsche
1681,Die,Kuppel
1682,Die,Bevölkerung
1683,Die,Neigung
1684,Die,Religion
1685,Der,Sänger
1686,Der,Begleiter
1687,Die,Illusion
1688,Der,Link
1689,Das,Wohnzimmer
1690,Der,Innenraum
1691,Die,Achselzucken
1692,Die,Zone
1693,Der,Standard
1694,Die,Kohlen
1695,Die,Jagd
1696,Der,Klumpen
1697,Der,Charm
1698,Die,Legende
1699,Die,Konsequenz
1700,Die,Beobachtung
1701,Das,Fahrrad
1702,Der,Schaden
1703,Die,Zahlung
1704,Das,Prospekt
1705,Die,UBahn
1706,Das,Muster
1707,Die,Kirsche
1708,Der,Händler
1709,Die,Zuordnung
1710,Die,Eile
1711,Die,Geliebte
1712,Der,Hügel
1713,Der,Unsinn
1714,Das,Komitee
1715,Das,Echo
1716,Der,Durchhang
1717,Die,Decker
1718,Das,Warenhaus
1719,Der,Kampf
1720,Der,Toast
1721,Die,Einrichtung
1722,Der,Basketball
1723,Der,Schnurrbart
1724,Der,Senator
1725,Das,Teilen
1726,Das,Augenlid
1727,Die,Begeisterung
1728,Die,Chunk
1729,Die,Schildkröte
1730,Der,Alkohol
1731,Die,Gummi
1732,Der,Truthahn
1733,Der,Prediger
1734,Der,Besitz
1735,Der,Dolly
1736,Das,Leinen
1737,Die,Entschuldigung
1738,Der,Vortrag
1739,Der,Stein
1740,Der,Heap
1741,Der,Fotograf
1742,Die,Bremse
1743,Die,Nachfrage
1744,Die,Schürze
1745,Der,Mantel
1746,Die,Jury
1747,Die,Anhörung
1748,Das,Graue
1749,Die,Kiste
1750,Die,Methode
1751,Die,Referenz
1752,Der,Ekel
1753,Die,Flotte
1754,Der,Lippenstift
1755,Der,Kern
1756,Der,Einzelne
1757,Der,Container
1758,Die,Hure
1759,Das,Kleinkind
1760,Die,Sonnenbrille
1761,Der,Schlauch
1762,Das,Konzert
1763,Das,Bullshit
1764,Die,Eisenbahn
1765,Die,Parade
1766,Das,Fach
1767,Der,Bewohner
1768,Der,Backofen
1769,Der,Techniker
1770,Das,Verfahren
1771,Der,Kämpfer
1772,Das,Korn
1773,Das,Picknick
1774,Der,Stamm
1775,Die,Knospe
1776,Die,Wiese
1777,Die,Öffentlichkeit
1778,Das,Gift
1779,Der,Büffel
1780,Die,Region
1781,Die,Produktion
1782,Das,Rennen
1783,Die,Schleife
1784,Der,Schlaf
1785,Die,Soda
1786,Die,Eule
1787,Das,Menü
1788,Der,Kick
1789,Die,Ruine
1790,Die,Rampe
1791,Der,Streifen
1792,Der,Unterarm
1793,Das,Büro
1794,Der,Achsschenkel
1795,Die,Gans
1796,Der,Vormarsch
1797,Die,Fee
1798,Die,Krankheit
1799,Die,Mannschaft
1800,Das,Offizielle
1801,Die,Marke
1802,Die,Orgel
1803,Der,Schmetterling
1804,Das,Reich
1805,Das,Profil
1806,Die,Freiheit
1807,Der,Unglaube
1808,Der,Hain
1809,Das,Schild
1810,Der,Sattel
1811,Die,Chancen
1812,Die,Cluster
1813,Der,Satellit
1814,Der,Abzug
1815,Der,Welpe
1816,Die,Warte
1817,Die,Glühbirne
1818,Die,Kommode
1819,Die,Patrouille
1820,Der,Adler
1821,Der,Privatsphäre
1822,Das,Fluid
1823,Die,Herde
1824,Der,Kopfschmerz
1825,Der,Vergnügungspark
1826,Der,Rollstuhl
1827,Die,Richtlinie
1828,Das,Belle
1829,Die,Tabak
1830,Die,Einstellung
1831,Die,Tätowierung
1832,Die,Last
1833,Der,Händler
1834,Die,Rutsche
1835,Der,Fleck
1836,Das,Essen
1837,Die,Bindung
1838,Das,Schwimmen
1839,Die,Grundlage
1840,Die,Verletzung
1841,Die,Liga
1842,Die,Batterie
1843,Der,Regenschirm
1844,Der,Kaiser
1845,Der,Pier
1846,Der,Wasserhahn
1847,Der,Witz
1848,Der,Cutter
1849,Der,Dachboden
1850,Der,Tiger
1851,Die,Pal
1852,Der,Vorfahr
1853,Die,Konzentration
1854,Der,Berg
1855,Der,Aufwand
1856,Der,Segen
1857,Der,Urlaub
1858,Die,Leiste
1859,Die,Fackel
1860,Die,Tinten
1861,Die,Handlung
1862,Die,Miete
1863,Das,Maultier
1864,Der,Bogen
1865,Die,Umgebung
1866,Das,Stirnrunzeln
1867,Der,Inspektor
1868,Die,Mitten
1869,Die,Verlegenheit
1870,Die,Beschwerde
1871,Die,Portion
1872,Das,Spannfutter
1873,Die,Clearing
1874,Die,Krise
1875,Die,Halskette
1876,Die,Laterne
1877,Der,Reichtum
1878,Der,Mörder
1879,Die,Zivilisation
1880,Das,Konzept
1881,Das,Lamm
1882,Die,Schritt
1883,Die,Manschette
1884,Die,Jungfrau
1885,Das,Eichhörnchen
1886,Das,Kind
1887,Der,Star
1888,Die,Depression
1889,Das,Speicher
1890,Der,Altar
1891,Die,Tragödie
1892,Die,Ressource
1893,Der,Reisende
1894,Das,Vertrauen
1895,Die,Bogen
1896,Das,Königreich
1897,Das,Juwel
1898,Der,Musiker
1899,Das,Flugzeug
1900,Die,Junk
1901,Der,Sonnenschein
1902,Der,Knabe
1903,Der,Elf
1904,Der,Protest
1905,Die,Jagd
1906,Die,Exekutive
1907,Das,Tagebuch
1908,Das,Aspekt
1909,Das,Zifferblatt
1910,Der,Hausschuh
1911,Die,Schauspielerin
1912,Das,Shooting
1913,Der,Ohrring
1914,Die,Ameise
1915,Die,Patty
1916,Die,Sauce
1917,Die,Rakete
1918,Die,Intensität
1919,Der,Graben
1920,Das,Gänseblümchen
1921,Die,Kapelle
1922,Der,Sumpf
1923,Die,Beziehung
1924,Die,Vermutung
1925,Der,Kran
1926,Die,Begegnung
1927,Die,Sequenz
1928,Das,Fragment
1929,Der,Entwurf
1930,Das,Diner
1931,Die,Funktion
1932,Die,Organisation
1933,Das,Skelett
1934,Das,Elend
1935,Das,Kraut
1936,Der,Stumpf
1937,Der,Einsatz
1938,Die,Puff
1939,Die,Kreation
1940,Das,Gefolge
1941,Der,Zauberer
1942,Die,Matte
1943,Die,Dichtung
1944,Das,Zwielicht
1945,Das,Grunzen
1946,Die,Strafe
1947,Der,Clan
1948,Das,Kupfer
1949,Die,Trümmer
1950,Der,Maler
1951,Das,Steuer
1952,Die,Mathematik
1953,Die,Erkennung
1954,Die,Stimmung
1955,Das,Bedauern
1956,Das,Ziel
1957,Die,Mühle
1958,Der,Fehler
1959,Die,Romantik
1960,Das,Thema
1961,Die,Terrasse
1962,Die,Schaufel
1963,Die,Schlafanzüge
1964,Die,Email
1965,Die,Taube
1966,Der,Dinosaurier
1967,Die,Branche
1968,Der,Betreiber
1969,Der,Lift
1970,Der,Ratgeber
1971,Die,Versammlung
1972,Das,Prinzip
1973,Das,Drama
1974,Das,Küken
1975,Das,Diagramm
1976,Die,Kampagne
1977,Der,Lorbeer
1978,Das,Steak
1979,Der,Kriminelle
1980,Der,Globus
1981,Der,Bluterguss
1982,Der,Knopf
1983,Das,Töten
1984,Der,Schatz
1985,Die,Oper
1986,Der,Frost
1987,Der,Nippel
1988,Der,Pfarrer
1989,Die,Trübung
1990,Das,Hochwasser
1991,Das,Weihnachtslied
1992,Die,Schwäche
1993,Das,Kochen
1994,Der,Metzger
1995,Der,Würfel
